v,w,peso,afinidade,relacao
0,16,0.00,1.00,ALB-ART
0,17,0.00,1.00,ALB-ART
0,73,0.50,0.50,ART-GEN
0,80,0.00,1.00,ART-GEN
0,93,0.50,0.50,ART-GEN
0,100,0.50,0.50,ART-GEN
1,18,0.00,1.00,ALB-ART
1,19,0.00,1.00,ALB-ART
1,20,0.00,1.00,ALB-ART
1,21,0.00,1.00,ALB-ART
1,72,0.86,0.14,ART-GEN
1,84,0.43,0.57,ART-GEN
1,85,0.00,1.00,ART-GEN
1,108,0.71,0.29,ART-GEN
2,22,0.00,1.00,ALB-ART
2,23,0.00,1.00,ALB-ART
2,24,0.00,1.00,ALB-ART
2,25,0.00,1.00,ALB-ART
2,73,0.50,0.50,ART-GEN
2,80,0.00,1.00,ART-GEN
2,100,0.00,1.00,ART-GEN
3,26,0.00,1.00,ALB-ART
3,27,0.00,1.00,ALB-ART
3,73,0.00,1.00,ART-GEN
3,77,0.00,1.00,ART-GEN
4,28,0.00,1.00,ALB-ART
4,29,0.00,1.00,ALB-ART
4,73,0.67,0.33,ART-GEN
4,80,0.00,1.00,ART-GEN
4,81,0.33,0.67,ART-GEN
4,100,0.33,0.67,ART-GEN
5,30,0.00,1.00,ALB-ART
5,31,0.00,1.00,ALB-ART
5,73,0.00,1.00,ART-GEN
5,75,0.75,0.25,ART-GEN
5,77,0.75,0.25,ART-GEN
5,80,0.25,0.75,ART-GEN
5,100,0.25,0.75,ART-GEN
6,32,0.00,1.00,ALB-ART
6,33,0.00,1.00,ALB-ART
6,34,0.00,1.00,ALB-ART
6,35,0.00,1.00,ALB-ART
6,79,0.24,0.76,ART-GEN
6,84,0.65,0.35,ART-GEN
6,85,0.00,1.00,ART-GEN
6,88,0.35,0.65,ART-GEN
6,108,0.47,0.53,ART-GEN
7,36,0.00,1.00,ALB-ART
7,37,0.00,1.00,ALB-ART
7,38,0.00,1.00,ALB-ART
7,39,0.00,1.00,ALB-ART
7,72,0.33,0.67,ART-GEN
7,73,0.67,0.33,ART-GEN
7,85,0.50,0.50,ART-GEN
7,100,0.00,1.00,ART-GEN
7,106,0.17,0.83,ART-GEN
8,40,0.00,1.00,ALB-ART
8,41,0.00,1.00,ALB-ART
8,42,0.00,1.00,ALB-ART
8,43,0.00,1.00,ALB-ART
8,74,0.90,0.10,ART-GEN
8,91,0.00,1.00,ART-GEN
8,105,0.80,0.20,ART-GEN
8,107,0.60,0.40,ART-GEN
9,44,0.00,1.00,ALB-ART
9,45,0.00,1.00,ALB-ART
9,46,0.00,1.00,ALB-ART
9,47,0.00,1.00,ALB-ART
9,78,0.50,0.50,ART-GEN
9,91,0.00,1.00,ART-GEN
9,95,0.75,0.25,ART-GEN
9,97,0.75,0.25,ART-GEN
9,105,0.75,0.25,ART-GEN
10,48,0.00,1.00,ALB-ART
10,49,0.00,1.00,ALB-ART
10,50,0.00,1.00,ALB-ART
10,51,0.00,1.00,ALB-ART
10,78,0.80,0.20,ART-GEN
10,89,0.80,0.20,ART-GEN
10,91,0.00,1.00,ART-GEN
10,105,0.60,0.40,ART-GEN
11,52,0.00,1.00,ALB-ART
11,53,0.00,1.00,ALB-ART
11,54,0.00,1.00,ALB-ART
11,55,0.00,1.00,ALB-ART
11,78,0.60,0.40,ART-GEN
11,91,0.00,1.00,ART-GEN
11,97,0.60,0.40,ART-GEN
11,98,0.80,0.20,ART-GEN
11,107,0.60,0.40,ART-GEN
12,56,0.00,1.00,ALB-ART
12,57,0.00,1.00,ALB-ART
12,58,0.00,1.00,ALB-ART
12,59,0.00,1.00,ALB-ART
12,89,0.75,0.25,ART-GEN
12,91,0.00,1.00,ART-GEN
12,105,0.75,0.25,ART-GEN
13,60,0.00,1.00,ALB-ART
13,61,0.00,1.00,ALB-ART
13,62,0.00,1.00,ALB-ART
13,63,0.00,1.00,ALB-ART
13,78,0.67,0.33,ART-GEN
13,91,0.00,1.00,ART-GEN
13,102,0.67,0.33,ART-GEN
13,104,0.67,0.33,ART-GEN
13,105,0.67,0.33,ART-GEN
14,64,0.00,1.00,ALB-ART
14,65,0.00,1.00,ALB-ART
14,66,0.00,1.00,ALB-ART
14,67,0.00,1.00,ALB-ART
14,78,0.00,1.00,ART-GEN
14,83,0.00,1.00,ART-GEN
14,91,0.00,1.00,ART-GEN
14,100,0.00,1.00,ART-GEN
14,106,0.00,1.00,ART-GEN
15,68,0.00,1.00,ALB-ART
15,69,0.00,1.00,ALB-ART
15,70,0.00,1.00,ALB-ART
15,71,0.00,1.00,ALB-ART
15,97,0.67,0.33,ART-GEN
15,98,0.00,1.00,ART-GEN
15,107,0.00,1.00,ART-GEN
16,73,0.33,0.67,ALB-GEN
16,74,0.33,0.67,ALB-GEN
16,80,0.67,0.33,ALB-GEN
16,92,0.00,1.00,ALB-GEN
17,73,0.33,0.67,ALB-GEN
17,80,0.00,1.00,ALB-GEN
17,93,0.67,0.33,ALB-GEN
17,100,0.67,0.33,ALB-GEN
18,80,0.20,0.80,ALB-GEN
18,84,0.40,0.60,ALB-GEN
18,85,0.00,1.00,ALB-GEN
19,73,0.67,0.33,ALB-GEN
19,81,0.50,0.50,ALB-GEN
19,85,0.00,1.00,ALB-GEN
19,92,0.33,0.67,ALB-GEN
19,94,0.50,0.50,ALB-GEN
20,72,0.83,0.17,ALB-GEN
20,79,0.83,0.17,ALB-GEN
20,84,0.67,0.33,ALB-GEN
20,85,0.00,1.00,ALB-GEN
20,92,0.67,0.33,ALB-GEN
21,84,0.40,0.60,ALB-GEN
21,85,0.00,1.00,ALB-GEN
21,88,0.40,0.60,ALB-GEN
21,92,0.60,0.40,ALB-GEN
22,73,0.67,0.33,ALB-GEN
22,80,0.00,1.00,ALB-GEN
22,85,0.67,0.33,ALB-GEN
22,92,0.33,0.67,ALB-GEN
22,100,0.33,0.67,ALB-GEN
23,73,0.33,0.67,ALB-GEN
23,80,0.00,1.00,ALB-GEN
23,92,0.67,0.33,ALB-GEN
23,99,0.67,0.33,ALB-GEN
23,100,0.67,0.33,ALB-GEN
24,73,0.50,0.50,ALB-GEN
24,80,0.00,1.00,ALB-GEN
24,92,0.50,0.50,ALB-GEN
24,93,0.50,0.50,ALB-GEN
24,99,0.50,0.50,ALB-GEN
25,77,0.00,1.00,ALB-GEN
25,80,0.00,1.00,ALB-GEN
25,92,0.00,1.00,ALB-GEN
26,73,0.00,1.00,ALB-GEN
26,77,0.00,1.00,ALB-GEN
26,80,0.00,1.00,ALB-GEN
26,86,0.00,1.00,ALB-GEN
26,93,0.00,1.00,ALB-GEN
27,73,0.00,1.00,ALB-GEN
27,85,0.00,1.00,ALB-GEN
27,86,0.00,1.00,ALB-GEN
27,93,0.00,1.00,ALB-GEN
28,80,0.00,1.00,ALB-GEN
28,93,0.75,0.25,ALB-GEN
28,100,0.25,0.75,ALB-GEN
28,106,0.50,0.50,ALB-GEN
29,80,0.00,1.00,ALB-GEN
29,100,0.50,0.50,ALB-GEN
30,73,0.50,0.50,ALB-GEN
30,92,0.00,1.00,ALB-GEN
30,100,0.00,1.00,ALB-GEN
31,80,0.00,1.00,ALB-GEN
31,85,0.00,1.00,ALB-GEN
31,93,0.00,1.00,ALB-GEN
31,100,0.00,1.00,ALB-GEN
32,79,0.00,1.00,ALB-GEN
32,85,0.23,0.77,ALB-GEN
32,88,0.23,0.77,ALB-GEN
32,108,0.00,1.00,ALB-GEN
33,79,0.57,0.43,ALB-GEN
33,85,0.00,1.00,ALB-GEN
33,94,0.79,0.21,ALB-GEN
33,108,0.50,0.50,ALB-GEN
34,79,0.50,0.50,ALB-GEN
34,80,0.80,0.20,ALB-GEN
34,85,0.00,1.00,ALB-GEN
34,88,0.90,0.10,ALB-GEN
34,108,0.60,0.40,ALB-GEN
35,79,0.38,0.62,ALB-GEN
35,84,0.88,0.12,ALB-GEN
35,85,0.00,1.00,ALB-GEN
35,108,0.38,0.62,ALB-GEN
36,73,0.00,1.00,ALB-GEN
36,83,0.67,0.33,ALB-GEN
36,85,0.00,1.00,ALB-GEN
36,93,0.67,0.33,ALB-GEN
36,100,0.00,1.00,ALB-GEN
37,80,0.50,0.50,ALB-GEN
37,81,0.50,0.50,ALB-GEN
37,85,0.00,1.00,ALB-GEN
38,73,0.67,0.33,ALB-GEN
38,83,0.67,0.33,ALB-GEN
38,85,0.00,1.00,ALB-GEN
38,100,0.67,0.33,ALB-GEN
39,83,0.67,0.33,ALB-GEN
39,85,0.00,1.00,ALB-GEN
39,100,0.67,0.33,ALB-GEN
39,106,0.67,0.33,ALB-GEN
40,89,0.00,1.00,ALB-GEN
40,91,0.33,0.67,ALB-GEN
41,78,0.00,1.00,ALB-GEN
41,82,0.00,1.00,ALB-GEN
41,87,0.00,1.00,ALB-GEN
42,78,0.00,1.00,ALB-GEN
42,89,0.50,0.50,ALB-GEN
42,91,0.50,0.50,ALB-GEN
42,93,0.00,1.00,ALB-GEN
43,78,0.00,1.00,ALB-GEN
43,89,0.00,1.00,ALB-GEN
43,91,0.00,1.00,ALB-GEN
43,95,0.00,1.00,ALB-GEN
43,97,0.00,1.00,ALB-GEN
44,78,0.50,0.50,ALB-GEN
44,83,0.50,0.50,ALB-GEN
44,89,0.00,1.00,ALB-GEN
44,91,0.50,0.50,ALB-GEN
45,78,0.00,1.00,ALB-GEN
45,87,0.00,1.00,ALB-GEN
45,89,0.00,1.00,ALB-GEN
45,91,0.00,1.00,ALB-GEN
46,83,0.00,1.00,ALB-GEN
46,87,0.00,1.00,ALB-GEN
46,89,0.00,1.00,ALB-GEN
46,91,0.00,1.00,ALB-GEN
46,102,0.00,1.00,ALB-GEN
47,89,0.00,1.00,ALB-GEN
47,93,0.00,1.00,ALB-GEN
47,95,0.00,1.00,ALB-GEN
47,101,0.00,1.00,ALB-GEN
48,89,0.00,1.00,ALB-GEN
48,91,0.00,1.00,ALB-GEN
48,102,0.00,1.00,ALB-GEN
49,78,0.50,0.50,ALB-GEN
49,89,0.50,0.50,ALB-GEN
49,91,0.00,1.00,ALB-GEN
49,102,0.50,0.50,ALB-GEN
50,89,0.00,1.00,ALB-GEN
50,91,0.33,0.67,ALB-GEN
51,89,0.00,1.00,ALB-GEN
51,102,0.50,0.50,ALB-GEN
52,78,0.00,1.00,ALB-GEN
52,89,0.50,0.50,ALB-GEN
52,91,0.50,0.50,ALB-GEN
52,93,0.00,1.00,ALB-GEN
53,75,0.00,1.00,ALB-GEN
53,82,0.00,1.00,ALB-GEN
53,89,0.00,1.00,ALB-GEN
53,91,0.00,1.00,ALB-GEN
53,98,0.00,1.00,ALB-GEN
54,82,0.00,1.00,ALB-GEN
54,83,0.00,1.00,ALB-GEN
54,91,0.00,1.00,ALB-GEN
54,98,0.00,1.00,ALB-GEN
55,78,0.00,1.00,ALB-GEN
55,89,0.00,1.00,ALB-GEN
55,91,0.00,1.00,ALB-GEN
55,102,0.00,1.00,ALB-GEN
56,89,0.50,0.50,ALB-GEN
56,91,0.00,1.00,ALB-GEN
56,101,0.50,0.50,ALB-GEN
56,105,0.50,0.50,ALB-GEN
57,78,0.00,1.00,ALB-GEN
57,87,0.00,1.00,ALB-GEN
57,89,0.00,1.00,ALB-GEN
57,90,0.00,1.00,ALB-GEN
57,91,0.00,1.00,ALB-GEN
58,78,0.00,1.00,ALB-GEN
58,87,0.00,1.00,ALB-GEN
58,89,0.00,1.00,ALB-GEN
58,90,0.00,1.00,ALB-GEN
58,91,0.00,1.00,ALB-GEN
59,89,0.00,1.00,ALB-GEN
59,91,0.00,1.00,ALB-GEN
59,102,0.50,0.50,ALB-GEN
60,78,0.33,0.67,ALB-GEN
60,87,0.00,1.00,ALB-GEN
60,102,0.67,0.33,ALB-GEN
61,89,0.00,1.00,ALB-GEN
61,91,0.67,0.33,ALB-GEN
61,102,0.67,0.33,ALB-GEN
61,103,0.67,0.33,ALB-GEN
62,83,0.00,1.00,ALB-GEN
62,87,0.00,1.00,ALB-GEN
62,89,0.00,1.00,ALB-GEN
62,91,0.00,1.00,ALB-GEN
62,102,0.00,1.00,ALB-GEN
63,87,0.00,1.00,ALB-GEN
63,89,0.00,1.00,ALB-GEN
63,91,0.00,1.00,ALB-GEN
63,102,0.00,1.00,ALB-GEN
63,104,0.00,1.00,ALB-GEN
64,89,0.50,0.50,ALB-GEN
64,91,0.50,0.50,ALB-GEN
64,93,0.50,0.50,ALB-GEN
64,103,0.50,0.50,ALB-GEN
64,106,0.00,1.00,ALB-GEN
65,83,0.00,1.00,ALB-GEN
65,89,0.00,1.00,ALB-GEN
65,91,0.00,1.00,ALB-GEN
65,93,0.00,1.00,ALB-GEN
65,103,0.00,1.00,ALB-GEN
66,83,0.00,1.00,ALB-GEN
66,89,0.00,1.00,ALB-GEN
66,91,0.00,1.00,ALB-GEN
66,93,0.00,1.00,ALB-GEN
66,106,0.00,1.00,ALB-GEN
67,83,0.00,1.00,ALB-GEN
67,89,0.00,1.00,ALB-GEN
67,103,0.00,1.00,ALB-GEN
67,106,0.00,1.00,ALB-GEN
68,75,0.75,0.25,ALB-GEN
68,89,0.50,0.50,ALB-GEN
68,97,0.50,0.50,ALB-GEN
68,98,0.00,1.00,ALB-GEN
68,107,0.50,0.50,ALB-GEN
69,96,0.50,0.50,ALB-GEN
69,98,0.00,1.00,ALB-GEN
70,76,0.50,0.50,ALB-GEN
70,89,0.50,0.50,ALB-GEN
70,96,0.50,0.50,ALB-GEN
70,97,0.50,0.50,ALB-GEN
70,98,0.00,1.00,ALB-GEN
71,76,0.50,0.50,ALB-GEN
71,93,0.50,0.50,ALB-GEN
71,97,0.50,0.50,ALB-GEN
71,98,0.00,1.00,ALB-GEN
71,101,0.50,0.50,ALB-GEN
